{"cameraMode":{"drawMode":0,"name":"Shaded","section":"Shading Mode"},"sceneLighting":true,"audioPlay":false,"sceneViewState":{"m_AlwaysRefresh":false,"showFog":true,"showSkybox":true,"showFlares":true,"showImageEffects":true,"showParticleSystems":true,"showVisualEffectGraphs":true,"m_FxEnabled":true},"in2DMode":false,"pivot":{"x":-5.145163536071777,"y":10.292696952819825,"z":-16.482789993286134},"rotation":{"x":0.16532304883003236,"y":0.017646897584199907,"z":-0.0029592912178486587,"w":0.9860716462135315},"size":15.432859420776368,"orthographic":false}