{"cameraMode":{"drawMode":0,"name":"Shaded","section":"Shading Mode"},"sceneLighting":true,"audioPlay":false,"sceneViewState":{"m_AlwaysRefresh":false,"showFog":true,"showSkybox":true,"showFlares":true,"showImageEffects":true,"showParticleSystems":true,"showVisualEffectGraphs":true,"m_FxEnabled":true},"in2DMode":false,"pivot":{"x":7.776197910308838,"y":1.7603139877319337,"z":22.401758193969728},"rotation":{"x":0.07944691926240921,"y":0.006032201927155256,"z":-0.00048083465662784874,"w":0.996819794178009},"size":20.83600425720215,"orthographic":false}